filename,label
Image_1.jpg,Density3Benign
Image_2.jpg,Density3Benign
Image_3.jpg,Density3Benign
Image_4.jpg,Density3Benign
Image_5.jpg,Density3Benign
Image_6.jpg,Density3Benign
Image_7.jpg,Density3Benign
Image_8.jpg,Density3Benign
Image_9.jpg,Density3Benign
Image_10.jpg,Density3Benign
Image_11.jpg,Density3Benign
Image_12.jpg,Density3Benign
Image_13.jpg,Density3Benign
Image_14.jpg,Density3Benign
Image_15.jpg,Density3Benign
Image_16.jpg,Density3Benign
Image_17.jpg,Density3Benign
Image_18.jpg,Density3Benign
Image_19.jpg,Density3Benign
Image_20.jpg,Density3Benign
Image_21.jpg,Density3Benign
Image_22.jpg,Density3Benign
Image_23.jpg,Density3Benign
Image_24.jpg,Density3Benign
Image_25.jpg,Density3Benign
Image_26.jpg,Density3Benign
Image_27.jpg,Density3Benign
Image_28.jpg,Density3Benign
Image_29.jpg,Density3Benign
Image_30.jpg,Density3Benign
Image_31.jpg,Density3Benign
Image_32.jpg,Density3Benign
Image_33.jpg,Density3Benign
Image_34.jpg,Density3Benign
Image_35.jpg,Density3Benign
Image_36.jpg,Density3Benign
Image_37.jpg,Density3Benign
Image_38.jpg,Density3Benign
Image_39.jpg,Density3Benign
Image_40.jpg,Density3Benign
Image_41.jpg,Density3Benign
Image_42.jpg,Density3Benign
Image_43.jpg,Density3Benign
Image_44.jpg,Density3Benign
Image_45.jpg,Density3Benign
Image_46.jpg,Density3Benign
Image_47.jpg,Density3Benign
Image_48.jpg,Density3Benign
Image_49.jpg,Density3Benign
Image_50.jpg,Density3Benign
Image_51.jpg,Density3Benign
Image_52.jpg,Density3Benign
Image_53.jpg,Density3Benign
Image_54.jpg,Density3Benign
Image_55.jpg,Density3Benign
Image_56.jpg,Density3Benign
Image_57.jpg,Density3Benign
Image_58.jpg,Density3Benign
Image_59.jpg,Density3Benign
Image_60.jpg,Density3Benign
Image_61.jpg,Density3Benign
Image_62.jpg,Density3Benign
Image_63.jpg,Density3Benign
Image_64.jpg,Density3Benign
Image_65.jpg,Density3Benign
Image_66.jpg,Density3Benign
Image_67.jpg,Density3Benign
Image_68.jpg,Density3Benign
Image_69.jpg,Density3Benign
Image_70.jpg,Density3Benign
Image_71.jpg,Density3Benign
Image_72.jpg,Density3Benign
Image_73.jpg,Density3Benign
Image_74.jpg,Density3Benign
Image_75.jpg,Density3Benign
Image_76.jpg,Density3Benign
Image_77.jpg,Density3Benign
Image_78.jpg,Density3Benign
Image_79.jpg,Density3Benign
Image_80.jpg,Density3Benign
Image_81.jpg,Density3Benign
Image_82.jpg,Density3Benign
Image_83.jpg,Density3Benign
Image_84.jpg,Density3Benign
Image_85.jpg,Density3Benign
Image_86.jpg,Density3Benign
Image_87.jpg,Density3Benign
Image_88.jpg,Density3Benign
Image_89.jpg,Density3Benign
Image_90.jpg,Density3Benign
Image_91.jpg,Density3Benign
Image_92.jpg,Density3Benign
Image_93.jpg,Density3Benign
Image_94.jpg,Density3Benign
Image_95.jpg,Density3Benign
Image_96.jpg,Density3Benign
Image_97.jpg,Density3Benign
Image_98.jpg,Density3Benign
Image_99.jpg,Density3Benign
Image_100.jpg,Density3Benign
Image_101.jpg,Density3Benign
Image_102.jpg,Density3Benign
Image_103.jpg,Density3Benign
Image_104.jpg,Density3Benign
Image_105.jpg,Density3Benign
Image_106.jpg,Density3Benign
Image_107.jpg,Density3Benign
Image_108.jpg,Density3Benign
Image_109.jpg,Density3Benign
Image_110.jpg,Density3Benign
Image_111.jpg,Density3Benign
Image_112.jpg,Density3Benign
Image_113.jpg,Density3Benign
Image_114.jpg,Density3Benign
Image_115.jpg,Density3Benign
Image_116.jpg,Density3Benign
Image_117.jpg,Density3Benign
Image_118.jpg,Density3Benign
Image_119.jpg,Density3Benign
Image_120.jpg,Density3Benign
Image_121.jpg,Density3Benign
Image_122.jpg,Density3Benign
Image_123.jpg,Density3Benign
Image_124.jpg,Density3Benign
Image_125.jpg,Density3Benign
Image_126.jpg,Density3Benign
Image_127.jpg,Density3Benign
Image_128.jpg,Density3Benign
Image_129.jpg,Density3Benign
Image_130.jpg,Density3Benign
Image_131.jpg,Density3Benign
Image_132.jpg,Density3Benign
Image_133.jpg,Density3Benign
Image_134.jpg,Density3Benign
Image_135.jpg,Density3Benign
Image_136.jpg,Density3Benign
Image_137.jpg,Density3Benign
Image_138.jpg,Density3Benign
Image_139.jpg,Density3Benign
Image_140.jpg,Density3Benign
Image_141.jpg,Density3Benign
Image_142.jpg,Density3Benign
Image_143.jpg,Density3Benign
Image_144.jpg,Density3Benign
Image_145.jpg,Density3Benign
Image_146.jpg,Density3Benign
Image_147.jpg,Density3Benign
Image_148.jpg,Density3Benign
Image_149.jpg,Density3Benign
Image_150.jpg,Density3Benign
Image_151.jpg,Density3Benign
Image_152.jpg,Density3Benign
Image_153.jpg,Density3Benign
Image_154.jpg,Density3Benign
Image_155.jpg,Density3Benign
Image_156.jpg,Density3Benign
Image_157.jpg,Density3Benign
Image_158.jpg,Density3Benign
Image_159.jpg,Density3Benign
Image_160.jpg,Density3Benign
Image_161.jpg,Density3Benign
Image_162.jpg,Density3Benign
Image_163.jpg,Density3Benign
Image_164.jpg,Density3Benign
Image_165.jpg,Density3Benign
Image_166.jpg,Density3Benign
Image_167.jpg,Density3Benign
Image_168.jpg,Density3Benign
Image_169.jpg,Density3Benign
Image_170.jpg,Density3Benign
Image_171.jpg,Density3Benign
Image_172.jpg,Density3Benign
Image_173.jpg,Density3Benign
Image_174.jpg,Density3Benign
Image_175.jpg,Density3Benign
Image_176.jpg,Density3Benign
Image_177.jpg,Density3Benign
Image_178.jpg,Density3Benign
Image_179.jpg,Density3Benign
Image_180.jpg,Density3Benign
Image_181.jpg,Density3Benign
Image_182.jpg,Density3Benign
Image_183.jpg,Density3Benign
Image_184.jpg,Density3Benign
Image_185.jpg,Density3Benign
Image_186.jpg,Density3Benign
Image_187.jpg,Density3Benign
Image_188.jpg,Density3Benign
Image_189.jpg,Density3Benign
Image_190.jpg,Density3Benign
Image_191.jpg,Density3Benign
Image_192.jpg,Density3Benign
Image_193.jpg,Density3Benign
Image_194.jpg,Density3Benign
Image_195.jpg,Density3Benign
Image_196.jpg,Density3Benign
Image_197.jpg,Density3Benign
Image_198.jpg,Density3Benign
Image_199.jpg,Density3Benign
Image_200.jpg,Density3Benign
Image_201.jpg,Density3Benign
Image_202.jpg,Density3Benign
Image_203.jpg,Density3Benign
Image_204.jpg,Density3Benign
Image_205.jpg,Density3Benign
Image_206.jpg,Density3Benign
Image_207.jpg,Density3Benign
Image_208.jpg,Density3Benign
Image_209.jpg,Density3Benign
Image_210.jpg,Density3Benign
Image_211.jpg,Density3Benign
Image_212.jpg,Density3Benign
Image_213.jpg,Density3Benign
Image_214.jpg,Density3Benign
Image_215.jpg,Density3Benign
Image_216.jpg,Density3Benign
Image_217.jpg,Density3Benign
Image_218.jpg,Density3Benign
Image_219.jpg,Density3Benign
Image_220.jpg,Density3Benign
Image_221.jpg,Density3Benign
Image_222.jpg,Density3Benign
Image_223.jpg,Density3Benign
Image_224.jpg,Density3Benign
Image_225.jpg,Density3Benign
Image_226.jpg,Density3Benign
Image_227.jpg,Density3Benign
Image_228.jpg,Density3Benign
Image_229.jpg,Density3Benign
Image_230.jpg,Density3Benign
Image_231.jpg,Density3Benign
Image_232.jpg,Density3Benign
Image_233.jpg,Density3Benign
Image_234.jpg,Density3Benign
Image_235.jpg,Density3Benign
Image_236.jpg,Density3Benign
Image_237.jpg,Density3Benign
Image_238.jpg,Density3Benign
Image_239.jpg,Density3Benign
Image_240.jpg,Density3Benign
Image_241.jpg,Density3Benign
Image_242.jpg,Density3Benign
Image_243.jpg,Density3Benign
Image_244.jpg,Density3Benign
Image_245.jpg,Density3Benign
Image_246.jpg,Density3Benign
Image_247.jpg,Density3Benign
Image_248.jpg,Density3Benign
Image_249.jpg,Density3Benign
Image_250.jpg,Density3Benign
Image_251.jpg,Density3Benign
Image_252.jpg,Density3Benign
Image_253.jpg,Density3Benign
Image_254.jpg,Density3Benign
Image_255.jpg,Density3Benign
Image_256.jpg,Density3Benign
Image_257.jpg,Density3Benign
Image_258.jpg,Density3Benign
Image_259.jpg,Density3Benign
Image_260.jpg,Density3Benign
Image_261.jpg,Density3Benign
Image_262.jpg,Density3Benign
Image_263.jpg,Density3Benign
Image_264.jpg,Density3Benign
Image_265.jpg,Density3Benign
Image_266.jpg,Density3Benign
Image_267.jpg,Density3Benign
Image_268.jpg,Density3Benign
Image_269.jpg,Density3Benign
Image_270.jpg,Density3Benign
Image_271.jpg,Density3Benign
Image_272.jpg,Density3Benign
Image_273.jpg,Density3Benign
Image_274.jpg,Density3Benign
Image_275.jpg,Density3Benign
Image_276.jpg,Density3Benign
Image_277.jpg,Density3Benign
Image_278.jpg,Density3Benign
Image_279.jpg,Density3Benign
Image_280.jpg,Density3Benign
Image_281.jpg,Density3Benign
Image_282.jpg,Density3Benign
Image_283.jpg,Density3Benign
Image_284.jpg,Density3Benign
Image_285.jpg,Density3Benign
Image_286.jpg,Density3Benign
Image_287.jpg,Density3Benign
Image_288.jpg,Density3Benign
Image_289.jpg,Density3Benign
Image_290.jpg,Density3Benign
Image_291.jpg,Density3Benign
Image_292.jpg,Density3Benign
Image_293.jpg,Density3Benign
Image_294.jpg,Density3Benign
Image_295.jpg,Density3Benign
Image_296.jpg,Density3Benign
Image_297.jpg,Density3Benign
Image_298.jpg,Density3Benign
Image_299.jpg,Density3Benign
Image_300.jpg,Density3Benign
Image_301.jpg,Density3Benign
Image_302.jpg,Density3Benign
Image_303.jpg,Density3Benign
Image_304.jpg,Density3Benign
Image_305.jpg,Density3Benign
Image_306.jpg,Density3Benign
Image_307.jpg,Density3Benign
Image_308.jpg,Density3Benign
Image_309.jpg,Density3Benign
Image_310.jpg,Density3Benign
Image_311.jpg,Density3Benign
Image_312.jpg,Density3Benign
Image_313.jpg,Density3Benign
Image_314.jpg,Density3Benign
Image_315.jpg,Density3Benign
Image_316.jpg,Density3Benign
Image_317.jpg,Density3Benign
Image_318.jpg,Density3Benign
Image_319.jpg,Density3Benign
Image_320.jpg,Density3Benign
Image_321.jpg,Density3Benign
Image_322.jpg,Density3Benign
Image_323.jpg,Density3Benign
Image_324.jpg,Density3Benign
Image_325.jpg,Density3Benign
Image_326.jpg,Density3Benign
Image_327.jpg,Density3Benign
Image_328.jpg,Density3Benign
Image_329.jpg,Density3Benign
Image_330.jpg,Density3Benign
Image_331.jpg,Density3Benign
Image_332.jpg,Density3Benign
Image_333.jpg,Density3Benign
Image_334.jpg,Density3Benign
Image_335.jpg,Density3Benign
Image_336.jpg,Density3Benign
Image_337.jpg,Density3Benign
Image_338.jpg,Density3Benign
Image_339.jpg,Density3Benign
Image_340.jpg,Density3Benign
Image_341.jpg,Density3Benign
Image_342.jpg,Density3Benign
Image_343.jpg,Density3Benign
Image_344.jpg,Density3Benign
Image_345.jpg,Density3Benign
Image_346.jpg,Density3Benign
Image_347.jpg,Density3Benign
Image_348.jpg,Density3Benign
Image_349.jpg,Density3Benign
Image_350.jpg,Density3Benign
Image_351.jpg,Density3Benign
Image_352.jpg,Density3Benign
Image_353.jpg,Density3Benign
Image_354.jpg,Density3Benign
Image_355.jpg,Density3Benign
Image_356.jpg,Density3Benign
Image_357.jpg,Density3Benign
Image_358.jpg,Density3Benign
Image_359.jpg,Density3Benign
Image_360.jpg,Density3Benign
Image_361.jpg,Density3Benign
Image_362.jpg,Density3Benign
Image_363.jpg,Density3Benign
Image_364.jpg,Density3Benign
Image_365.jpg,Density3Benign
Image_366.jpg,Density3Benign
Image_367.jpg,Density3Benign
Image_368.jpg,Density3Benign
Image_369.jpg,Density3Benign
Image_370.jpg,Density3Benign
Image_371.jpg,Density3Benign
Image_372.jpg,Density3Benign
Image_373.jpg,Density3Benign
Image_374.jpg,Density3Benign
Image_375.jpg,Density3Benign
Image_376.jpg,Density3Benign
Image_377.jpg,Density3Benign
Image_378.jpg,Density3Benign
Image_379.jpg,Density3Benign
Image_380.jpg,Density3Benign
Image_381.jpg,Density3Benign
Image_382.jpg,Density3Benign
Image_383.jpg,Density3Benign
Image_384.jpg,Density3Benign
Image_385.jpg,Density3Benign
Image_386.jpg,Density3Benign
Image_387.jpg,Density3Benign
Image_388.jpg,Density3Benign
Image_389.jpg,Density3Benign
Image_390.jpg,Density3Benign
Image_391.jpg,Density3Benign
Image_392.jpg,Density3Benign
Image_393.jpg,Density3Benign
Image_394.jpg,Density3Benign
Image_395.jpg,Density3Benign
Image_396.jpg,Density3Benign
Image_397.jpg,Density3Benign
Image_398.jpg,Density3Benign
Image_399.jpg,Density3Benign
Image_400.jpg,Density3Benign
Image_401.jpg,Density3Benign
Image_402.jpg,Density3Benign
Image_403.jpg,Density3Benign
Image_404.jpg,Density3Benign
Image_405.jpg,Density3Benign
Image_406.jpg,Density3Benign
Image_407.jpg,Density3Benign
Image_408.jpg,Density3Benign
Image_409.jpg,Density3Benign
Image_410.jpg,Density3Benign
Image_411.jpg,Density3Benign
Image_412.jpg,Density3Benign
Image_413.jpg,Density3Benign
Image_414.jpg,Density3Benign
Image_415.jpg,Density3Benign
Image_416.jpg,Density3Benign
Image_417.jpg,Density3Benign
Image_418.jpg,Density3Benign
Image_419.jpg,Density3Benign
Image_420.jpg,Density3Benign
Image_421.jpg,Density3Benign
Image_422.jpg,Density3Benign
Image_423.jpg,Density3Benign
Image_424.jpg,Density3Benign
Image_425.jpg,Density3Benign
Image_426.jpg,Density3Benign
Image_427.jpg,Density3Benign
Image_428.jpg,Density3Benign
Image_429.jpg,Density3Benign
Image_430.jpg,Density3Benign
Image_431.jpg,Density3Benign
Image_432.jpg,Density3Benign
Image_433.jpg,Density3Benign
Image_434.jpg,Density3Benign
Image_435.jpg,Density3Benign
Image_436.jpg,Density3Benign
Image_437.jpg,Density3Benign
Image_438.jpg,Density3Benign
Image_439.jpg,Density3Benign
Image_440.jpg,Density3Benign
Image_441.jpg,Density3Benign
Image_442.jpg,Density3Benign
Image_443.jpg,Density3Benign
Image_444.jpg,Density3Benign
Image_445.jpg,Density3Benign
Image_446.jpg,Density3Benign
Image_447.jpg,Density3Benign
Image_448.jpg,Density3Benign
Image_449.jpg,Density3Benign
Image_450.jpg,Density3Benign
Image_451.jpg,Density3Benign
Image_452.jpg,Density3Benign
Image_453.jpg,Density3Benign
Image_454.jpg,Density3Benign
Image_455.jpg,Density3Benign
Image_456.jpg,Density3Benign
Image_457.jpg,Density3Benign
Image_458.jpg,Density3Benign
Image_459.jpg,Density3Benign
Image_460.jpg,Density3Benign
Image_461.jpg,Density3Benign
Image_462.jpg,Density3Benign
Image_463.jpg,Density3Benign
Image_464.jpg,Density3Benign
Image_465.jpg,Density3Benign
Image_466.jpg,Density3Benign
Image_467.jpg,Density3Benign
Image_468.jpg,Density3Benign
Image_469.jpg,Density3Benign
Image_470.jpg,Density3Benign
Image_471.jpg,Density3Benign
Image_472.jpg,Density3Benign
Image_473.jpg,Density3Benign
Image_474.jpg,Density3Benign
Image_475.jpg,Density3Benign
Image_476.jpg,Density3Benign
Image_477.jpg,Density3Benign
Image_478.jpg,Density3Benign
Image_479.jpg,Density3Benign
Image_480.jpg,Density3Benign
Image_481.jpg,Density3Benign
Image_482.jpg,Density3Benign
Image_483.jpg,Density3Benign
Image_484.jpg,Density3Benign
Image_485.jpg,Density3Benign
Image_486.jpg,Density3Benign
Image_487.jpg,Density3Benign
Image_488.jpg,Density3Benign
Image_489.jpg,Density3Benign
Image_490.jpg,Density3Benign
Image_491.jpg,Density3Benign
Image_492.jpg,Density3Benign
Image_493.jpg,Density3Benign
Image_494.jpg,Density3Benign
Image_495.jpg,Density3Benign
Image_496.jpg,Density3Benign
Image_497.jpg,Density3Benign
Image_498.jpg,Density3Benign
Image_499.jpg,Density3Benign
Image_500.jpg,Density3Benign
Image_501.jpg,Density3Benign
Image_502.jpg,Density3Benign
Image_503.jpg,Density3Benign
Image_504.jpg,Density3Benign
Image_505.jpg,Density3Benign
Image_506.jpg,Density3Benign
Image_507.jpg,Density3Benign
Image_508.jpg,Density3Benign
Image_509.jpg,Density3Benign
Image_510.jpg,Density3Benign
Image_511.jpg,Density3Benign
Image_512.jpg,Density3Benign
Image_513.jpg,Density3Benign
Image_514.jpg,Density3Benign
Image_515.jpg,Density3Benign
Image_516.jpg,Density3Benign
Image_517.jpg,Density3Benign
Image_518.jpg,Density3Benign
Image_519.jpg,Density3Benign
Image_520.jpg,Density3Benign
Image_521.jpg,Density3Benign
Image_522.jpg,Density3Benign
Image_523.jpg,Density3Benign
Image_524.jpg,Density3Benign
Image_525.jpg,Density3Benign
Image_526.jpg,Density3Benign
Image_527.jpg,Density3Benign
Image_528.jpg,Density3Benign
Image_529.jpg,Density3Benign
Image_530.jpg,Density3Benign
Image_531.jpg,Density3Benign
Image_532.jpg,Density3Benign
Image_533.jpg,Density3Benign
Image_534.jpg,Density3Benign
Image_535.jpg,Density3Benign
Image_536.jpg,Density3Benign
Image_537.jpg,Density3Benign
Image_538.jpg,Density3Benign
Image_539.jpg,Density3Benign
Image_540.jpg,Density3Benign
Image_541.jpg,Density3Benign
Image_542.jpg,Density3Benign
Image_543.jpg,Density3Benign
Image_544.jpg,Density3Benign
Image_545.jpg,Density3Benign
Image_546.jpg,Density3Benign
Image_547.jpg,Density3Benign
Image_548.jpg,Density3Benign
Image_549.jpg,Density3Benign
Image_550.jpg,Density3Benign
Image_551.jpg,Density3Benign
Image_552.jpg,Density3Benign
Image_553.jpg,Density3Benign
Image_554.jpg,Density3Benign
Image_555.jpg,Density3Benign
Image_556.jpg,Density3Benign
Image_557.jpg,Density3Benign
Image_558.jpg,Density3Benign
Image_559.jpg,Density3Benign
Image_560.jpg,Density3Benign
Image_561.jpg,Density3Benign
Image_562.jpg,Density3Benign
Image_563.jpg,Density3Benign
Image_564.jpg,Density3Benign
Image_565.jpg,Density3Benign
Image_566.jpg,Density3Benign
Image_567.jpg,Density3Benign
Image_568.jpg,Density3Benign
Image_569.jpg,Density3Benign
Image_570.jpg,Density3Benign
Image_571.jpg,Density3Benign
Image_572.jpg,Density3Benign
Image_573.jpg,Density3Benign
Image_574.jpg,Density3Benign
Image_575.jpg,Density3Benign
Image_576.jpg,Density3Benign
Image_577.jpg,Density3Benign
Image_578.jpg,Density3Benign
Image_579.jpg,Density3Benign
Image_580.jpg,Density3Benign
Image_581.jpg,Density3Benign
Image_582.jpg,Density3Benign
Image_583.jpg,Density3Benign
Image_584.jpg,Density3Benign
Image_585.jpg,Density3Benign
Image_586.jpg,Density3Benign
Image_587.jpg,Density3Benign
Image_588.jpg,Density3Benign
Image_589.jpg,Density3Benign
Image_590.jpg,Density3Benign
Image_591.jpg,Density3Benign
Image_592.jpg,Density3Benign
Image_593.jpg,Density3Benign
Image_594.jpg,Density3Benign
Image_595.jpg,Density3Benign
Image_596.jpg,Density3Benign
Image_597.jpg,Density3Benign
Image_598.jpg,Density3Benign
Image_599.jpg,Density3Benign
Image_600.jpg,Density3Benign
Image_601.jpg,Density3Benign
Image_602.jpg,Density3Benign
Image_603.jpg,Density3Benign
Image_604.jpg,Density3Benign
Image_605.jpg,Density3Benign
Image_606.jpg,Density3Benign
Image_607.jpg,Density3Benign
Image_608.jpg,Density3Benign
Image_609.jpg,Density3Benign
Image_610.jpg,Density3Benign
Image_611.jpg,Density3Benign
Image_612.jpg,Density3Benign
Image_613.jpg,Density3Benign
Image_614.jpg,Density3Benign
Image_615.jpg,Density3Benign
Image_616.jpg,Density3Benign
Image_617.jpg,Density3Benign
Image_618.jpg,Density3Benign
Image_619.jpg,Density3Benign
Image_620.jpg,Density3Benign
Image_621.jpg,Density3Benign
Image_622.jpg,Density3Benign
Image_623.jpg,Density3Benign
Image_624.jpg,Density3Benign
Image_625.jpg,Density3Benign
Image_626.jpg,Density3Benign
Image_627.jpg,Density3Benign
Image_628.jpg,Density3Benign
Image_629.jpg,Density3Benign
Image_630.jpg,Density3Benign
Image_631.jpg,Density3Benign
Image_632.jpg,Density3Benign
Image_633.jpg,Density3Benign
Image_634.jpg,Density3Benign
Image_635.jpg,Density3Benign
Image_636.jpg,Density3Benign
Image_637.jpg,Density3Benign
Image_638.jpg,Density3Benign
Image_639.jpg,Density3Benign
Image_640.jpg,Density3Benign
Image_641.jpg,Density3Benign
Image_642.jpg,Density3Benign
Image_643.jpg,Density3Benign
Image_644.jpg,Density3Benign
Image_645.jpg,Density3Benign
Image_646.jpg,Density3Benign
Image_647.jpg,Density3Benign
Image_648.jpg,Density3Benign
Image_649.jpg,Density3Benign
Image_650.jpg,Density3Benign
Image_651.jpg,Density3Benign
Image_652.jpg,Density3Benign
Image_653.jpg,Density3Benign
Image_654.jpg,Density3Benign
Image_655.jpg,Density3Benign
Image_656.jpg,Density3Benign
Image_657.jpg,Density3Benign
Image_658.jpg,Density3Benign
Image_659.jpg,Density3Benign
Image_660.jpg,Density3Benign
Image_661.jpg,Density3Benign
Image_662.jpg,Density3Benign
Image_663.jpg,Density3Benign
Image_664.jpg,Density3Benign
Image_665.jpg,Density3Benign
Image_666.jpg,Density3Benign
Image_667.jpg,Density3Benign
Image_668.jpg,Density3Benign
Image_669.jpg,Density3Benign
Image_670.jpg,Density3Benign
Image_671.jpg,Density3Benign
Image_672.jpg,Density3Benign
Image_673.jpg,Density3Benign
Image_674.jpg,Density3Benign
Image_675.jpg,Density3Benign
Image_676.jpg,Density3Benign
Image_677.jpg,Density3Benign
Image_678.jpg,Density3Benign
Image_679.jpg,Density3Benign
Image_680.jpg,Density3Benign
Image_681.jpg,Density3Benign
Image_682.jpg,Density3Benign
Image_683.jpg,Density3Benign
Image_684.jpg,Density3Benign
Image_685.jpg,Density3Benign
Image_686.jpg,Density3Benign
Image_687.jpg,Density3Benign
Image_688.jpg,Density3Benign
Image_689.jpg,Density3Benign
Image_690.jpg,Density3Benign
Image_691.jpg,Density3Benign
Image_692.jpg,Density3Benign
Image_693.jpg,Density3Benign
Image_694.jpg,Density3Benign
Image_695.jpg,Density3Benign
Image_696.jpg,Density3Benign
Image_697.jpg,Density3Benign
Image_698.jpg,Density3Benign
Image_699.jpg,Density3Benign
Image_700.jpg,Density3Benign
Image_701.jpg,Density3Benign
Image_702.jpg,Density3Benign
Image_703.jpg,Density3Benign
Image_704.jpg,Density3Benign
Image_705.jpg,Density3Benign
Image_706.jpg,Density3Benign
Image_707.jpg,Density3Benign
Image_708.jpg,Density3Benign
Image_709.jpg,Density3Benign
Image_710.jpg,Density3Benign
Image_711.jpg,Density3Benign
Image_712.jpg,Density3Benign
Image_713.jpg,Density3Benign
Image_714.jpg,Density3Benign
Image_715.jpg,Density3Benign
Image_716.jpg,Density3Benign
Image_717.jpg,Density3Benign
Image_718.jpg,Density3Benign
Image_719.jpg,Density3Benign
Image_720.jpg,Density3Benign
Image_721.jpg,Density3Benign
Image_722.jpg,Density3Benign
Image_723.jpg,Density3Benign
Image_724.jpg,Density3Benign
Image_725.jpg,Density3Benign
Image_726.jpg,Density3Benign
Image_727.jpg,Density3Benign
Image_728.jpg,Density3Benign
Image_729.jpg,Density3Benign
Image_730.jpg,Density3Benign
Image_731.jpg,Density3Benign
Image_732.jpg,Density3Benign
Image_733.jpg,Density3Benign
Image_734.jpg,Density3Benign
Image_735.jpg,Density3Benign
Image_736.jpg,Density3Benign
Image_737.jpg,Density3Benign
Image_738.jpg,Density3Benign
Image_739.jpg,Density3Benign
Image_740.jpg,Density3Benign
Image_741.jpg,Density3Benign
Image_742.jpg,Density3Benign
Image_743.jpg,Density3Benign
Image_744.jpg,Density3Benign
Image_745.jpg,Density3Benign
Image_746.jpg,Density3Benign
Image_747.jpg,Density3Benign
Image_748.jpg,Density3Benign
Image_749.jpg,Density3Benign
Image_750.jpg,Density3Benign
Image_751.jpg,Density3Benign
Image_752.jpg,Density3Benign
Image_753.jpg,Density3Benign
Image_754.jpg,Density3Benign
Image_755.jpg,Density3Benign
Image_756.jpg,Density3Benign
Image_757.jpg,Density3Benign
Image_758.jpg,Density3Benign
Image_759.jpg,Density3Benign
Image_760.jpg,Density3Benign
Image_761.jpg,Density3Benign
Image_762.jpg,Density3Benign
Image_763.jpg,Density3Benign
Image_764.jpg,Density3Benign
Image_765.jpg,Density3Benign
Image_766.jpg,Density3Benign
Image_767.jpg,Density3Benign
Image_768.jpg,Density3Benign
Image_769.jpg,Density3Benign
Image_770.jpg,Density3Benign
Image_771.jpg,Density3Benign
Image_772.jpg,Density3Benign
Image_773.jpg,Density3Benign
Image_774.jpg,Density3Benign
Image_775.jpg,Density3Benign
Image_776.jpg,Density3Benign
Image_777.jpg,Density3Benign
Image_778.jpg,Density3Benign
Image_779.jpg,Density3Benign
Image_780.jpg,Density3Benign
Image_781.jpg,Density3Benign
Image_782.jpg,Density3Benign
Image_783.jpg,Density3Benign
Image_784.jpg,Density3Benign
Image_785.jpg,Density3Benign
Image_786.jpg,Density3Benign
Image_787.jpg,Density3Benign
Image_788.jpg,Density3Benign
Image_789.jpg,Density3Benign
Image_790.jpg,Density3Benign
Image_791.jpg,Density3Benign
Image_792.jpg,Density3Benign
Image_793.jpg,Density3Benign
Image_794.jpg,Density3Benign
Image_795.jpg,Density3Benign
Image_796.jpg,Density3Benign
Image_797.jpg,Density3Benign
Image_798.jpg,Density3Benign
Image_799.jpg,Density3Benign
Image_800.jpg,Density3Benign
Image_801.jpg,Density3Benign
Image_802.jpg,Density3Benign
Image_803.jpg,Density3Benign
Image_804.jpg,Density3Benign
Image_805.jpg,Density3Benign
Image_806.jpg,Density3Benign
Image_807.jpg,Density3Benign
Image_808.jpg,Density3Benign
Image_809.jpg,Density3Benign
Image_810.jpg,Density3Benign
Image_811.jpg,Density3Benign
Image_812.jpg,Density3Benign
Image_813.jpg,Density3Benign
Image_814.jpg,Density3Benign
Image_815.jpg,Density3Benign
Image_816.jpg,Density3Benign
Image_817.jpg,Density3Benign
Image_818.jpg,Density3Benign
Image_819.jpg,Density3Benign
Image_820.jpg,Density3Benign
Image_821.jpg,Density3Benign
Image_822.jpg,Density3Benign
Image_823.jpg,Density3Benign
Image_824.jpg,Density3Benign
Image_825.jpg,Density3Benign
Image_826.jpg,Density3Benign
Image_827.jpg,Density3Benign
Image_828.jpg,Density3Benign
Image_829.jpg,Density3Benign
Image_830.jpg,Density3Benign
Image_831.jpg,Density3Benign
Image_832.jpg,Density3Benign
Image_833.jpg,Density3Benign
Image_834.jpg,Density3Benign
Image_835.jpg,Density3Benign
Image_836.jpg,Density3Benign
Image_837.jpg,Density3Benign
Image_838.jpg,Density3Benign
Image_839.jpg,Density3Benign
Image_840.jpg,Density3Benign
Image_841.jpg,Density3Benign
Image_842.jpg,Density3Benign
Image_843.jpg,Density3Benign
Image_844.jpg,Density3Benign
Image_845.jpg,Density3Benign
Image_846.jpg,Density3Benign
Image_847.jpg,Density3Benign
Image_848.jpg,Density3Benign
Image_849.jpg,Density3Benign
Image_850.jpg,Density3Benign
Image_851.jpg,Density3Benign
Image_852.jpg,Density3Benign
Image_853.jpg,Density3Benign
Image_854.jpg,Density3Benign
Image_855.jpg,Density3Benign
Image_856.jpg,Density3Benign
Image_857.jpg,Density3Benign
Image_858.jpg,Density3Benign
Image_859.jpg,Density3Benign
Image_860.jpg,Density3Benign
Image_861.jpg,Density3Benign
Image_862.jpg,Density3Benign
Image_863.jpg,Density3Benign
Image_864.jpg,Density3Benign
Image_865.jpg,Density3Benign
Image_866.jpg,Density3Benign
Image_867.jpg,Density3Benign
Image_868.jpg,Density3Benign
Image_869.jpg,Density3Benign
Image_870.jpg,Density3Benign
Image_871.jpg,Density3Benign
Image_872.jpg,Density3Benign
Image_873.jpg,Density3Benign
Image_874.jpg,Density3Benign
Image_875.jpg,Density3Benign
Image_876.jpg,Density3Benign
Image_877.jpg,Density3Benign
Image_878.jpg,Density3Benign
Image_879.jpg,Density3Benign
Image_880.jpg,Density3Benign
Image_881.jpg,Density3Benign
Image_882.jpg,Density3Benign
Image_883.jpg,Density3Benign
Image_884.jpg,Density3Benign
Image_885.jpg,Density3Benign
Image_886.jpg,Density3Benign
Image_887.jpg,Density3Benign
Image_888.jpg,Density3Benign
Image_889.jpg,Density3Benign
Image_890.jpg,Density3Benign
Image_891.jpg,Density3Benign
Image_892.jpg,Density3Benign
Image_893.jpg,Density3Benign
Image_894.jpg,Density3Benign
Image_895.jpg,Density3Benign
Image_896.jpg,Density3Benign
Image_897.jpg,Density3Benign
Image_898.jpg,Density3Benign
Image_899.jpg,Density3Benign
Image_900.jpg,Density3Benign
Image_901.jpg,Density3Benign
Image_902.jpg,Density3Benign
Image_903.jpg,Density3Benign
Image_904.jpg,Density3Benign
Image_905.jpg,Density3Benign
Image_906.jpg,Density3Benign
Image_907.jpg,Density3Benign
Image_908.jpg,Density3Benign
Image_909.jpg,Density3Benign
Image_910.jpg,Density3Benign
Image_911.jpg,Density3Benign
Image_912.jpg,Density3Benign
Image_913.jpg,Density3Benign
Image_914.jpg,Density3Benign
Image_915.jpg,Density3Benign
Image_916.jpg,Density3Benign
Image_917.jpg,Density3Benign
Image_918.jpg,Density3Benign
Image_919.jpg,Density3Benign
Image_920.jpg,Density3Benign
Image_921.jpg,Density3Benign
Image_922.jpg,Density3Benign
Image_923.jpg,Density3Benign
Image_924.jpg,Density3Benign
Image_925.jpg,Density3Benign
Image_926.jpg,Density3Benign
Image_927.jpg,Density3Benign
Image_928.jpg,Density3Benign
Image_929.jpg,Density3Benign
Image_930.jpg,Density3Benign
Image_931.jpg,Density3Benign
Image_932.jpg,Density3Benign
Image_933.jpg,Density3Benign
Image_934.jpg,Density3Benign
Image_935.jpg,Density3Benign
Image_936.jpg,Density3Benign
Image_937.jpg,Density3Benign
Image_938.jpg,Density3Benign
Image_939.jpg,Density3Benign
Image_940.jpg,Density3Benign
Image_941.jpg,Density3Benign
Image_942.jpg,Density3Benign
Image_943.jpg,Density3Benign
Image_944.jpg,Density3Benign
Image_945.jpg,Density3Benign
Image_946.jpg,Density3Benign
Image_947.jpg,Density3Benign
Image_948.jpg,Density3Benign
Image_949.jpg,Density3Benign
Image_950.jpg,Density3Benign
Image_951.jpg,Density3Benign
Image_952.jpg,Density3Benign
Image_953.jpg,Density3Benign
Image_954.jpg,Density3Benign
Image_955.jpg,Density3Benign
Image_956.jpg,Density3Benign
Image_957.jpg,Density3Benign
Image_958.jpg,Density3Benign
Image_959.jpg,Density3Benign
Image_960.jpg,Density3Benign
Image_961.jpg,Density3Benign
Image_962.jpg,Density3Benign
Image_963.jpg,Density3Benign
Image_964.jpg,Density3Benign
Image_965.jpg,Density3Benign
Image_966.jpg,Density3Benign
Image_967.jpg,Density3Benign
Image_968.jpg,Density3Benign
Image_969.jpg,Density3Benign
Image_970.jpg,Density3Benign
Image_971.jpg,Density3Benign
Image_972.jpg,Density3Benign
Image_973.jpg,Density3Benign
Image_974.jpg,Density3Benign
Image_975.jpg,Density3Benign
Image_976.jpg,Density3Benign
Image_977.jpg,Density3Benign
Image_978.jpg,Density3Benign
Image_979.jpg,Density3Benign
Image_980.jpg,Density3Benign
Image_981.jpg,Density3Benign
Image_982.jpg,Density3Benign
Image_983.jpg,Density3Benign
Image_984.jpg,Density3Benign
Image_985.jpg,Density3Benign
Image_986.jpg,Density3Benign
Image_987.jpg,Density3Benign
Image_988.jpg,Density3Benign
Image_989.jpg,Density3Benign
Image_990.jpg,Density3Benign
Image_991.jpg,Density3Benign
Image_992.jpg,Density3Benign
Image_993.jpg,Density3Benign
Image_994.jpg,Density3Benign
Image_995.jpg,Density3Benign
Image_996.jpg,Density3Benign
Image_997.jpg,Density3Benign
Image_998.jpg,Density3Benign
Image_999.jpg,Density3Benign
Image_1000.jpg,Density3Benign
Image_1001.jpg,Density3Benign
Image_1002.jpg,Density3Benign
Image_1003.jpg,Density3Benign
Image_1004.jpg,Density3Benign
Image_1005.jpg,Density3Benign
Image_1006.jpg,Density3Benign
Image_1007.jpg,Density3Benign
Image_1008.jpg,Density3Benign
Image_1009.jpg,Density3Benign
Image_1010.jpg,Density3Benign
Image_1011.jpg,Density3Benign
Image_1012.jpg,Density3Benign
Image_1013.jpg,Density3Benign
Image_1014.jpg,Density3Benign
Image_1015.jpg,Density3Benign
Image_1016.jpg,Density3Benign
Image_1017.jpg,Density3Benign
Image_1018.jpg,Density3Benign
Image_1019.jpg,Density3Benign
Image_1020.jpg,Density3Benign
Image_1021.jpg,Density3Benign
Image_1022.jpg,Density3Benign
Image_1023.jpg,Density3Benign
Image_1024.jpg,Density3Benign
Image_1025.jpg,Density3Benign
Image_1026.jpg,Density3Benign
Image_1027.jpg,Density3Benign
Image_1028.jpg,Density3Benign
Image_1029.jpg,Density3Benign
Image_1030.jpg,Density3Benign
Image_1031.jpg,Density3Benign
Image_1032.jpg,Density3Benign
Image_1033.jpg,Density3Benign
Image_1034.jpg,Density3Benign
Image_1035.jpg,Density3Benign
Image_1036.jpg,Density3Benign
Image_1037.jpg,Density3Benign
Image_1038.jpg,Density3Benign
Image_1039.jpg,Density3Benign
Image_1040.jpg,Density3Benign
Image_1041.jpg,Density3Benign
Image_1042.jpg,Density3Benign
Image_1043.jpg,Density3Benign
Image_1044.jpg,Density3Benign
Image_1045.jpg,Density3Benign
Image_1046.jpg,Density3Benign
Image_1047.jpg,Density3Benign
Image_1048.jpg,Density3Benign
Image_1049.jpg,Density3Benign
Image_1050.jpg,Density3Benign
Image_1051.jpg,Density3Benign
Image_1052.jpg,Density3Benign
Image_1053.jpg,Density3Benign
Image_1054.jpg,Density3Benign
Image_1055.jpg,Density3Benign
Image_1056.jpg,Density3Benign
Image_1057.jpg,Density3Benign
Image_1058.jpg,Density3Benign
Image_1059.jpg,Density3Benign
Image_1060.jpg,Density3Benign
Image_1061.jpg,Density3Benign
Image_1062.jpg,Density3Benign
Image_1063.jpg,Density3Benign
Image_1064.jpg,Density3Benign
Image_1065.jpg,Density3Benign
Image_1066.jpg,Density3Benign
Image_1067.jpg,Density3Benign
Image_1068.jpg,Density3Benign
Image_1069.jpg,Density3Benign
Image_1070.jpg,Density3Benign
Image_1071.jpg,Density3Benign
Image_1072.jpg,Density3Benign
Image_1073.jpg,Density3Benign
Image_1074.jpg,Density3Benign
Image_1075.jpg,Density3Benign
Image_1076.jpg,Density3Benign
Image_1077.jpg,Density3Benign
Image_1078.jpg,Density3Benign
Image_1079.jpg,Density3Benign
Image_1080.jpg,Density3Benign
Image_1081.jpg,Density3Benign
Image_1082.jpg,Density3Benign
Image_1083.jpg,Density3Benign
Image_1084.jpg,Density3Benign
Image_1085.jpg,Density3Benign
Image_1086.jpg,Density3Benign
Image_1087.jpg,Density3Benign
Image_1088.jpg,Density3Benign
Image_1089.jpg,Density3Benign
Image_1090.jpg,Density3Benign
Image_1091.jpg,Density3Benign
Image_1092.jpg,Density3Benign
Image_1093.jpg,Density3Benign
Image_1094.jpg,Density3Benign
Image_1095.jpg,Density3Benign
Image_1096.jpg,Density3Benign
Image_1097.jpg,Density3Benign
Image_1098.jpg,Density3Benign
Image_1099.jpg,Density3Benign
Image_1100.jpg,Density3Benign
Image_1101.jpg,Density3Benign
Image_1102.jpg,Density3Benign
Image_1103.jpg,Density3Benign
Image_1104.jpg,Density3Benign
Image_1105.jpg,Density3Benign
Image_1106.jpg,Density3Benign
Image_1107.jpg,Density3Benign
Image_1108.jpg,Density3Benign
Image_1109.jpg,Density3Benign
Image_1110.jpg,Density3Benign
Image_1111.jpg,Density3Benign
Image_1112.jpg,Density3Benign
Image_1113.jpg,Density3Benign
Image_1114.jpg,Density3Benign
Image_1115.jpg,Density3Benign
Image_1116.jpg,Density3Benign
Image_1117.jpg,Density3Benign
Image_1118.jpg,Density3Benign
Image_1119.jpg,Density3Benign
Image_1120.jpg,Density3Benign
Image_1121.jpg,Density3Benign
Image_1122.jpg,Density3Benign
Image_1123.jpg,Density3Benign
Image_1124.jpg,Density3Benign
Image_1125.jpg,Density3Benign
Image_1126.jpg,Density3Benign
Image_1127.jpg,Density3Benign
Image_1128.jpg,Density3Benign
Image_1129.jpg,Density3Benign
Image_1130.jpg,Density3Benign
Image_1131.jpg,Density3Benign
Image_1132.jpg,Density3Benign
Image_1133.jpg,Density3Benign
Image_1134.jpg,Density3Benign
Image_1135.jpg,Density3Benign
Image_1136.jpg,Density3Benign
Image_1137.jpg,Density3Benign
Image_1138.jpg,Density3Benign
Image_1139.jpg,Density3Benign
Image_1140.jpg,Density3Benign
Image_1141.jpg,Density3Benign
Image_1142.jpg,Density3Benign
Image_1143.jpg,Density3Benign
Image_1144.jpg,Density3Benign
Image_1145.jpg,Density3Benign
Image_1146.jpg,Density3Benign
Image_1147.jpg,Density3Benign
Image_1148.jpg,Density3Benign
Image_1149.jpg,Density3Benign
Image_1150.jpg,Density3Benign
Image_1151.jpg,Density3Benign
Image_1152.jpg,Density3Benign
Image_1153.jpg,Density3Benign
Image_1154.jpg,Density3Benign
Image_1155.jpg,Density3Benign
Image_1156.jpg,Density3Benign
Image_1157.jpg,Density3Benign
Image_1158.jpg,Density3Benign
Image_1159.jpg,Density3Benign
Image_1160.jpg,Density3Benign
Image_1161.jpg,Density3Benign
Image_1162.jpg,Density3Benign
Image_1163.jpg,Density3Benign
Image_1164.jpg,Density3Benign
Image_1165.jpg,Density3Benign
Image_1166.jpg,Density3Benign
Image_1167.jpg,Density3Benign
Image_1168.jpg,Density3Benign
Image_1169.jpg,Density3Benign
Image_1170.jpg,Density3Benign
Image_1171.jpg,Density3Benign
Image_1172.jpg,Density3Benign
Image_1173.jpg,Density3Benign
Image_1174.jpg,Density3Benign
Image_1175.jpg,Density3Benign
Image_1176.jpg,Density3Benign
Image_1177.jpg,Density3Benign
Image_1178.jpg,Density3Benign
Image_1179.jpg,Density3Benign
Image_1180.jpg,Density3Benign
Image_1181.jpg,Density3Benign
Image_1182.jpg,Density3Benign
Image_1183.jpg,Density3Benign
Image_1184.jpg,Density3Benign
Image_1185.jpg,Density3Benign
Image_1186.jpg,Density3Benign
Image_1187.jpg,Density3Benign
Image_1188.jpg,Density3Benign
Image_1189.jpg,Density3Benign
Image_1190.jpg,Density3Benign
Image_1191.jpg,Density3Benign
Image_1192.jpg,Density3Benign
Image_1193.jpg,Density3Benign
Image_1194.jpg,Density3Benign
Image_1195.jpg,Density3Benign
Image_1196.jpg,Density3Benign
Image_1197.jpg,Density3Benign
Image_1198.jpg,Density3Benign
Image_1199.jpg,Density3Benign
Image_1200.jpg,Density3Benign
Image_1201.jpg,Density3Benign
Image_1202.jpg,Density3Benign
Image_1203.jpg,Density3Benign
Image_1204.jpg,Density3Benign
Image_1205.jpg,Density3Benign
Image_1206.jpg,Density3Benign
Image_1207.jpg,Density3Benign
Image_1208.jpg,Density3Benign
Image_1209.jpg,Density3Benign
Image_1210.jpg,Density3Benign
Image_1211.jpg,Density3Benign
Image_1212.jpg,Density3Benign
Image_1213.jpg,Density3Benign
Image_1214.jpg,Density3Benign
Image_1215.jpg,Density3Benign
Image_1216.jpg,Density3Benign
Image_1217.jpg,Density3Benign
Image_1218.jpg,Density3Benign
Image_1219.jpg,Density3Benign
Image_1220.jpg,Density3Benign
Image_1221.jpg,Density3Benign
Image_1222.jpg,Density3Benign
Image_1223.jpg,Density3Benign
Image_1224.jpg,Density3Benign
Image_1225.jpg,Density3Benign
Image_1226.jpg,Density3Benign
Image_1227.jpg,Density3Benign
Image_1228.jpg,Density3Benign
Image_1229.jpg,Density3Benign
Image_1230.jpg,Density3Benign
Image_1231.jpg,Density3Benign
Image_1232.jpg,Density3Benign
Image_1233.jpg,Density3Benign
Image_1234.jpg,Density3Benign
Image_1235.jpg,Density3Benign
Image_1236.jpg,Density3Benign
Image_1237.jpg,Density3Benign
Image_1238.jpg,Density3Benign
Image_1239.jpg,Density3Benign
Image_1240.jpg,Density3Benign
Image_1241.jpg,Density3Benign
Image_1242.jpg,Density3Benign
Image_1243.jpg,Density3Benign
Image_1244.jpg,Density3Benign
Image_1245.jpg,Density3Benign
Image_1246.jpg,Density3Benign
Image_1247.jpg,Density3Benign
Image_1248.jpg,Density3Benign
Image_1249.jpg,Density3Benign
Image_1250.jpg,Density3Benign
Image_1251.jpg,Density3Benign
Image_1252.jpg,Density3Benign
Image_1253.jpg,Density3Benign
Image_1254.jpg,Density3Benign
Image_1255.jpg,Density3Benign
Image_1256.jpg,Density3Benign
Image_1257.jpg,Density3Benign
Image_1258.jpg,Density3Benign
Image_1259.jpg,Density3Benign
Image_1260.jpg,Density3Benign
Image_1261.jpg,Density3Benign
Image_1262.jpg,Density3Benign
Image_1263.jpg,Density3Benign
Image_1264.jpg,Density3Benign
Image_1265.jpg,Density3Benign
Image_1266.jpg,Density3Benign
Image_1267.jpg,Density3Benign
Image_1268.jpg,Density3Benign
Image_1269.jpg,Density3Benign
Image_1270.jpg,Density3Benign
Image_1271.jpg,Density3Benign
Image_1272.jpg,Density3Benign
Image_1273.jpg,Density3Benign
Image_1274.jpg,Density3Benign
Image_1275.jpg,Density3Benign
Image_1276.jpg,Density3Benign
Image_1277.jpg,Density3Benign
Image_1278.jpg,Density3Benign
Image_1279.jpg,Density3Benign
Image_1280.jpg,Density3Benign
Image_1281.jpg,Density3Benign
Image_1282.jpg,Density3Benign
Image_1283.jpg,Density3Benign
Image_1284.jpg,Density3Benign
Image_1285.jpg,Density3Benign
Image_1286.jpg,Density3Benign
Image_1287.jpg,Density3Benign
Image_1288.jpg,Density3Benign
Image_1289.jpg,Density3Benign
Image_1290.jpg,Density3Benign
Image_1291.jpg,Density3Benign
Image_1292.jpg,Density3Benign
Image_1293.jpg,Density3Benign
Image_1294.jpg,Density3Benign
Image_1295.jpg,Density3Benign
Image_1296.jpg,Density3Benign
Image_1297.jpg,Density3Benign
Image_1298.jpg,Density3Benign
Image_1299.jpg,Density3Benign
Image_1300.jpg,Density3Benign
Image_1301.jpg,Density3Benign
Image_1302.jpg,Density3Benign
Image_1303.jpg,Density3Benign
Image_1304.jpg,Density3Benign
Image_1305.jpg,Density3Benign
Image_1306.jpg,Density3Benign
Image_1307.jpg,Density3Benign
Image_1308.jpg,Density3Benign
Image_1309.jpg,Density3Benign
Image_1310.jpg,Density3Benign
Image_1311.jpg,Density3Benign
Image_1312.jpg,Density3Benign
Image_1313.jpg,Density3Benign
Image_1314.jpg,Density3Benign
Image_1315.jpg,Density3Benign
Image_1316.jpg,Density3Benign
Image_1317.jpg,Density3Benign
Image_1318.jpg,Density3Benign
Image_1319.jpg,Density3Benign
Image_1320.jpg,Density3Benign
Image_1321.jpg,Density3Benign
Image_1322.jpg,Density3Benign
Image_1323.jpg,Density3Benign
Image_1324.jpg,Density3Benign
Image_1325.jpg,Density3Benign
Image_1326.jpg,Density3Benign
Image_1327.jpg,Density3Benign
Image_1328.jpg,Density3Benign
Image_1329.jpg,Density3Benign
Image_1330.jpg,Density3Benign
Image_1331.jpg,Density3Benign
Image_1332.jpg,Density3Benign
Image_1333.jpg,Density3Benign
Image_1334.jpg,Density3Benign
Image_1335.jpg,Density3Benign
Image_1336.jpg,Density3Benign
Image_1337.jpg,Density3Benign
Image_1338.jpg,Density3Benign
Image_1339.jpg,Density3Benign
Image_1340.jpg,Density3Benign
Image_1341.jpg,Density3Benign
Image_1342.jpg,Density3Benign
Image_1343.jpg,Density3Benign
Image_1344.jpg,Density3Benign
Image_1345.jpg,Density3Benign
Image_1346.jpg,Density3Benign
Image_1347.jpg,Density3Benign
Image_1348.jpg,Density3Benign
Image_1349.jpg,Density3Benign
Image_1350.jpg,Density3Benign
Image_1351.jpg,Density3Benign
Image_1352.jpg,Density3Benign
Image_1353.jpg,Density3Benign
Image_1354.jpg,Density3Benign
Image_1355.jpg,Density3Benign
Image_1356.jpg,Density3Benign
Image_1357.jpg,Density3Benign
Image_1358.jpg,Density3Benign
Image_1359.jpg,Density3Benign
Image_1360.jpg,Density3Benign
Image_1361.jpg,Density3Benign
Image_1362.jpg,Density3Benign
Image_1363.jpg,Density3Benign
Image_1364.jpg,Density3Benign
Image_1365.jpg,Density3Benign
Image_1366.jpg,Density3Benign
Image_1367.jpg,Density3Benign
Image_1368.jpg,Density3Benign
Image_1369.jpg,Density3Benign
Image_1370.jpg,Density3Benign
Image_1371.jpg,Density3Benign
Image_1372.jpg,Density3Benign
Image_1373.jpg,Density3Benign
Image_1374.jpg,Density3Benign
Image_1375.jpg,Density3Benign
Image_1376.jpg,Density3Benign
Image_1377.jpg,Density3Benign
Image_1378.jpg,Density3Benign
Image_1379.jpg,Density3Benign
Image_1380.jpg,Density3Benign
Image_1381.jpg,Density3Benign
Image_1382.jpg,Density3Benign
Image_1383.jpg,Density3Benign
Image_1384.jpg,Density3Benign
Image_1385.jpg,Density3Benign
Image_1386.jpg,Density3Benign
Image_1387.jpg,Density3Benign
Image_1388.jpg,Density3Benign
Image_1389.jpg,Density3Benign
Image_1390.jpg,Density3Benign
Image_1391.jpg,Density3Benign
Image_1392.jpg,Density3Benign
Image_1393.jpg,Density3Benign
Image_1394.jpg,Density3Benign
Image_1395.jpg,Density3Benign
Image_1396.jpg,Density3Benign
Image_1397.jpg,Density3Benign
Image_1398.jpg,Density3Benign
Image_1399.jpg,Density3Benign
Image_1400.jpg,Density3Benign
Image_1401.jpg,Density3Benign
Image_1402.jpg,Density3Benign
Image_1403.jpg,Density3Benign
Image_1404.jpg,Density3Benign
Image_1405.jpg,Density3Benign
Image_1406.jpg,Density3Benign
Image_1407.jpg,Density3Benign
Image_1408.jpg,Density3Benign
Image_1409.jpg,Density3Benign
Image_1410.jpg,Density3Benign
Image_1411.jpg,Density3Benign
Image_1412.jpg,Density3Benign
Image_1413.jpg,Density3Benign
Image_1414.jpg,Density3Benign
Image_1415.jpg,Density3Benign
Image_1416.jpg,Density3Benign
Image_1417.jpg,Density3Benign
Image_1418.jpg,Density3Benign
Image_1419.jpg,Density3Benign
Image_1420.jpg,Density3Benign
Image_1421.jpg,Density3Benign
Image_1422.jpg,Density3Benign
Image_1423.jpg,Density3Benign
Image_1424.jpg,Density3Benign
Image_1425.jpg,Density3Benign
Image_1426.jpg,Density3Benign
Image_1427.jpg,Density3Benign
Image_1428.jpg,Density3Benign
Image_1429.jpg,Density3Benign
Image_1430.jpg,Density3Benign
Image_1431.jpg,Density3Benign
Image_1432.jpg,Density3Benign
Image_1433.jpg,Density3Benign
Image_1434.jpg,Density3Benign
Image_1435.jpg,Density3Benign
Image_1436.jpg,Density3Benign
Image_1437.jpg,Density3Benign
Image_1438.jpg,Density3Benign
Image_1439.jpg,Density3Benign
Image_1440.jpg,Density3Benign
Image_1441.jpg,Density3Benign
Image_1442.jpg,Density3Benign
Image_1443.jpg,Density3Benign
Image_1444.jpg,Density3Benign
Image_1445.jpg,Density3Benign
Image_1446.jpg,Density3Benign
Image_1447.jpg,Density3Benign
Image_1448.jpg,Density3Benign
Image_1449.jpg,Density3Benign
Image_1450.jpg,Density3Benign
Image_1451.jpg,Density3Benign
Image_1452.jpg,Density3Benign
Image_1453.jpg,Density3Benign
Image_1454.jpg,Density3Benign
Image_1455.jpg,Density3Benign
Image_1456.jpg,Density3Benign
Image_1457.jpg,Density3Benign
Image_1458.jpg,Density3Benign
Image_1459.jpg,Density3Benign
Image_1460.jpg,Density3Benign
Image_1461.jpg,Density3Benign
Image_1462.jpg,Density3Benign
Image_1463.jpg,Density3Benign
Image_1464.jpg,Density3Benign
Image_1465.jpg,Density3Benign
Image_1466.jpg,Density3Benign
Image_1467.jpg,Density3Benign
Image_1468.jpg,Density3Benign
Image_1469.jpg,Density3Benign
Image_1470.jpg,Density3Benign
Image_1471.jpg,Density3Benign
Image_1472.jpg,Density3Benign
Image_1473.jpg,Density3Benign
Image_1474.jpg,Density3Benign
Image_1475.jpg,Density3Benign
Image_1476.jpg,Density3Benign
Image_1477.jpg,Density3Benign
Image_1478.jpg,Density3Benign
Image_1479.jpg,Density3Benign
Image_1480.jpg,Density3Benign
Image_1481.jpg,Density3Benign
Image_1482.jpg,Density3Benign
Image_1483.jpg,Density3Benign
Image_1484.jpg,Density3Benign
Image_1485.jpg,Density3Benign
Image_1486.jpg,Density3Benign
Image_1487.jpg,Density3Benign
Image_1488.jpg,Density3Benign
Image_1489.jpg,Density3Benign
Image_1490.jpg,Density3Benign
Image_1491.jpg,Density3Benign
Image_1492.jpg,Density3Benign
Image_1493.jpg,Density3Benign
Image_1494.jpg,Density3Benign
Image_1495.jpg,Density3Benign
Image_1496.jpg,Density3Benign
Image_1497.jpg,Density3Benign
Image_1498.jpg,Density3Benign
Image_1499.jpg,Density3Benign
Image_1500.jpg,Density3Benign
Image_1501.jpg,Density3Benign
Image_1502.jpg,Density3Benign
Image_1503.jpg,Density3Benign
Image_1504.jpg,Density3Benign
Image_1505.jpg,Density3Benign
Image_1506.jpg,Density3Benign
Image_1507.jpg,Density3Benign
Image_1508.jpg,Density3Benign
Image_1509.jpg,Density3Benign
Image_1510.jpg,Density3Benign
Image_1511.jpg,Density3Benign
Image_1512.jpg,Density3Benign
Image_1513.jpg,Density3Benign
Image_1514.jpg,Density3Benign
Image_1515.jpg,Density3Benign
Image_1516.jpg,Density3Benign
Image_1517.jpg,Density3Benign
Image_1518.jpg,Density3Benign
Image_1519.jpg,Density3Benign
Image_1520.jpg,Density3Benign
Image_1521.jpg,Density3Benign
Image_1522.jpg,Density3Benign
Image_1523.jpg,Density3Benign
Image_1524.jpg,Density3Benign
Image_1525.jpg,Density3Benign
Image_1526.jpg,Density3Benign
Image_1527.jpg,Density3Benign
Image_1528.jpg,Density3Benign
Image_1529.jpg,Density3Benign
Image_1530.jpg,Density3Benign
Image_1531.jpg,Density3Benign
Image_1532.jpg,Density3Benign
Image_1533.jpg,Density3Benign
Image_1534.jpg,Density3Benign
Image_1535.jpg,Density3Benign
Image_1536.jpg,Density3Benign
Image_1537.jpg,Density3Benign
Image_1538.jpg,Density3Benign
Image_1539.jpg,Density3Benign
Image_1540.jpg,Density3Benign
Image_1541.jpg,Density3Benign
Image_1542.jpg,Density3Benign
Image_1543.jpg,Density3Benign
Image_1544.jpg,Density3Benign
Image_1545.jpg,Density3Benign
Image_1546.jpg,Density3Benign
Image_1547.jpg,Density3Benign
Image_1548.jpg,Density3Benign
Image_1549.jpg,Density3Benign
Image_1550.jpg,Density3Benign
Image_1551.jpg,Density3Benign
Image_1552.jpg,Density3Benign
Image_1553.jpg,Density3Benign
Image_1554.jpg,Density3Benign
Image_1555.jpg,Density3Benign
Image_1556.jpg,Density3Benign
Image_1557.jpg,Density3Benign
Image_1558.jpg,Density3Benign
Image_1559.jpg,Density3Benign
Image_1560.jpg,Density3Benign
Image_1561.jpg,Density3Benign
Image_1562.jpg,Density3Benign
Image_1563.jpg,Density3Benign
Image_1564.jpg,Density3Benign
Image_1565.jpg,Density3Benign
Image_1566.jpg,Density3Benign
Image_1567.jpg,Density3Benign
Image_1568.jpg,Density3Benign
Image_1569.jpg,Density3Benign
Image_1570.jpg,Density3Benign
Image_1571.jpg,Density3Benign
Image_1572.jpg,Density3Benign
Image_1573.jpg,Density3Benign
Image_1574.jpg,Density3Benign
Image_1575.jpg,Density3Benign
Image_1576.jpg,Density3Benign
Image_1577.jpg,Density3Benign
Image_1578.jpg,Density3Benign
Image_1579.jpg,Density3Benign
Image_1580.jpg,Density3Benign
Image_1581.jpg,Density3Benign
Image_1582.jpg,Density3Benign
Image_1583.jpg,Density3Benign
Image_1584.jpg,Density3Benign
Image_1585.jpg,Density3Benign
Image_1586.jpg,Density3Benign
Image_1587.jpg,Density3Benign
Image_1588.jpg,Density3Benign
Image_1589.jpg,Density3Benign
Image_1590.jpg,Density3Benign
Image_1591.jpg,Density3Benign
Image_1592.jpg,Density3Benign
Image_1593.jpg,Density3Benign
Image_1594.jpg,Density3Benign
Image_1595.jpg,Density3Benign
Image_1596.jpg,Density3Benign
Image_1597.jpg,Density3Benign
Image_1598.jpg,Density3Benign
Image_1599.jpg,Density3Benign
Image_1600.jpg,Density3Benign
Image_1601.jpg,Density3Benign
Image_1602.jpg,Density3Benign
Image_1603.jpg,Density3Benign
Image_1604.jpg,Density3Benign
Image_1605.jpg,Density3Benign
Image_1606.jpg,Density3Benign
Image_1607.jpg,Density3Benign
Image_1608.jpg,Density3Benign
Image_1609.jpg,Density3Benign
Image_1610.jpg,Density3Benign
Image_1611.jpg,Density3Benign
Image_1612.jpg,Density3Benign
Image_1613.jpg,Density3Benign
Image_1614.jpg,Density3Benign
Image_1615.jpg,Density3Benign
Image_1616.jpg,Density3Benign
Image_1617.jpg,Density3Benign
Image_1618.jpg,Density3Benign
Image_1619.jpg,Density3Benign
Image_1620.jpg,Density3Benign
Image_1621.jpg,Density3Benign
Image_1622.jpg,Density3Benign
Image_1623.jpg,Density3Benign
Image_1624.jpg,Density3Benign
Image_1625.jpg,Density3Benign
Image_1626.jpg,Density3Benign
Image_1627.jpg,Density3Benign
Image_1628.jpg,Density3Benign
Image_1629.jpg,Density3Benign
Image_1630.jpg,Density3Benign
Image_1631.jpg,Density3Benign
Image_1632.jpg,Density3Benign
Image_1633.jpg,Density3Benign
Image_1634.jpg,Density3Benign
Image_1635.jpg,Density3Benign
Image_1636.jpg,Density3Benign
Image_1637.jpg,Density3Benign
Image_1638.jpg,Density3Benign
Image_1639.jpg,Density3Benign
Image_1640.jpg,Density3Benign
Image_1641.jpg,Density3Benign
Image_1642.jpg,Density3Benign
Image_1643.jpg,Density3Benign
Image_1644.jpg,Density3Benign
Image_1645.jpg,Density3Benign
Image_1646.jpg,Density3Benign
Image_1647.jpg,Density3Benign
Image_1648.jpg,Density3Benign
Image_1649.jpg,Density3Benign
Image_1650.jpg,Density3Benign
Image_1651.jpg,Density3Benign
Image_1652.jpg,Density3Benign
Image_1653.jpg,Density3Benign
Image_1654.jpg,Density3Benign
Image_1655.jpg,Density3Benign
Image_1656.jpg,Density3Benign
Image_1657.jpg,Density3Benign
Image_1658.jpg,Density3Benign
Image_1659.jpg,Density3Benign
Image_1660.jpg,Density3Benign
Image_1661.jpg,Density3Benign
Image_1662.jpg,Density3Benign
Image_1663.jpg,Density3Benign
Image_1664.jpg,Density3Benign
Image_1665.jpg,Density3Benign
Image_1666.jpg,Density3Benign
Image_1667.jpg,Density3Benign
Image_1668.jpg,Density3Benign
Image_1669.jpg,Density3Benign
Image_1670.jpg,Density3Benign
Image_1671.jpg,Density3Benign
Image_1672.jpg,Density3Benign
Image_1673.jpg,Density3Benign
Image_1674.jpg,Density3Benign
Image_1675.jpg,Density3Benign
Image_1676.jpg,Density3Benign
Image_1677.jpg,Density3Benign
Image_1678.jpg,Density3Benign
Image_1679.jpg,Density3Benign
Image_1680.jpg,Density3Benign
Image_1681.jpg,Density3Benign
Image_1682.jpg,Density3Benign
Image_1683.jpg,Density3Benign
Image_1684.jpg,Density3Benign
Image_1685.jpg,Density3Benign
Image_1686.jpg,Density3Benign
Image_1687.jpg,Density3Benign
Image_1688.jpg,Density3Benign
Image_1689.jpg,Density3Benign
Image_1690.jpg,Density3Benign
Image_1691.jpg,Density3Benign
Image_1692.jpg,Density3Benign
Image_1693.jpg,Density3Benign
Image_1694.jpg,Density3Benign
Image_1695.jpg,Density3Benign
Image_1696.jpg,Density3Benign
Image_1697.jpg,Density3Benign
Image_1698.jpg,Density3Benign
Image_1699.jpg,Density3Benign
Image_1700.jpg,Density3Benign
Image_1701.jpg,Density3Benign
Image_1702.jpg,Density3Benign
Image_1703.jpg,Density3Benign
Image_1704.jpg,Density3Benign
Image_1705.jpg,Density3Benign
Image_1706.jpg,Density3Benign
Image_1707.jpg,Density3Benign
Image_1708.jpg,Density3Benign
Image_1709.jpg,Density3Benign
Image_1710.jpg,Density3Benign
Image_1711.jpg,Density3Benign
Image_1712.jpg,Density3Benign
Image_1713.jpg,Density3Benign
Image_1714.jpg,Density3Benign
Image_1715.jpg,Density3Benign
Image_1716.jpg,Density3Benign
Image_1717.jpg,Density3Benign
Image_1718.jpg,Density3Benign
Image_1719.jpg,Density3Benign
Image_1720.jpg,Density3Benign
Image_1721.jpg,Density3Benign
Image_1722.jpg,Density3Benign
Image_1723.jpg,Density3Benign
Image_1724.jpg,Density3Benign
Image_1725.jpg,Density3Benign
Image_1726.jpg,Density3Benign
Image_1727.jpg,Density3Benign
Image_1728.jpg,Density3Benign
Image_1729.jpg,Density3Benign
Image_1730.jpg,Density3Benign
Image_1731.jpg,Density3Benign
Image_1732.jpg,Density3Benign
Image_1733.jpg,Density3Benign
Image_1734.jpg,Density3Benign
Image_1735.jpg,Density3Benign
Image_1736.jpg,Density3Benign
Image_1737.jpg,Density3Benign
Image_1738.jpg,Density3Benign
Image_1739.jpg,Density3Benign
Image_1740.jpg,Density3Benign
Image_1741.jpg,Density3Benign
Image_1742.jpg,Density3Benign
Image_1743.jpg,Density3Benign
Image_1744.jpg,Density3Benign
Image_1745.jpg,Density3Benign
Image_1746.jpg,Density3Benign
Image_1747.jpg,Density3Benign
Image_1748.jpg,Density3Benign
Image_1749.jpg,Density3Benign
Image_1750.jpg,Density3Benign
Image_1751.jpg,Density3Benign
Image_1752.jpg,Density3Benign
Image_1753.jpg,Density3Benign
Image_1754.jpg,Density3Benign
Image_1755.jpg,Density3Benign
Image_1756.jpg,Density3Benign
Image_1757.jpg,Density3Benign
Image_1758.jpg,Density3Benign
Image_1759.jpg,Density3Benign
Image_1760.jpg,Density3Benign
Image_1761.jpg,Density3Benign
Image_1762.jpg,Density3Benign
Image_1763.jpg,Density3Benign
Image_1764.jpg,Density3Benign
Image_1765.jpg,Density3Benign
Image_1766.jpg,Density3Benign
Image_1767.jpg,Density3Benign
Image_1768.jpg,Density3Benign
Image_1769.jpg,Density3Benign
Image_1770.jpg,Density3Benign
Image_1771.jpg,Density3Benign
Image_1772.jpg,Density3Benign
Image_1773.jpg,Density3Benign
Image_1774.jpg,Density3Benign
Image_1775.jpg,Density3Benign
Image_1776.jpg,Density3Benign
Image_1777.jpg,Density3Benign
Image_1778.jpg,Density3Benign
Image_1779.jpg,Density3Benign
Image_1780.jpg,Density3Benign
Image_1781.jpg,Density3Benign
Image_1782.jpg,Density3Benign
Image_1783.jpg,Density3Benign
Image_1784.jpg,Density3Benign
Image_1785.jpg,Density3Benign
Image_1786.jpg,Density3Benign
Image_1787.jpg,Density3Benign
Image_1788.jpg,Density3Benign
Image_1789.jpg,Density3Benign
Image_1790.jpg,Density3Benign
Image_1791.jpg,Density3Benign
Image_1792.jpg,Density3Benign
Image_1793.jpg,Density3Benign
Image_1794.jpg,Density3Benign
Image_1795.jpg,Density3Benign
Image_1796.jpg,Density3Benign
Image_1797.jpg,Density3Benign
Image_1798.jpg,Density3Benign
Image_1799.jpg,Density3Benign
Image_1800.jpg,Density3Benign
Image_1801.jpg,Density3Benign
Image_1802.jpg,Density3Benign
Image_1803.jpg,Density3Benign
Image_1804.jpg,Density3Benign
Image_1805.jpg,Density3Benign
Image_1806.jpg,Density3Benign
Image_1807.jpg,Density3Benign
Image_1808.jpg,Density3Benign
Image_1809.jpg,Density3Benign
Image_1810.jpg,Density3Benign
Image_1811.jpg,Density3Benign
Image_1812.jpg,Density3Benign
Image_1813.jpg,Density3Benign
Image_1814.jpg,Density3Benign
Image_1815.jpg,Density3Benign
Image_1816.jpg,Density3Benign
Image_1817.jpg,Density3Benign
Image_1818.jpg,Density3Benign
Image_1819.jpg,Density3Benign
Image_1820.jpg,Density3Benign
Image_1821.jpg,Density3Benign
Image_1822.jpg,Density3Benign
Image_1823.jpg,Density3Benign
Image_1824.jpg,Density3Benign
Image_1825.jpg,Density3Benign
Image_1826.jpg,Density3Benign
Image_1827.jpg,Density3Benign
Image_1828.jpg,Density3Benign
Image_1829.jpg,Density3Benign
Image_1830.jpg,Density3Benign
Image_1831.jpg,Density3Benign
Image_1832.jpg,Density3Benign
Image_1833.jpg,Density3Benign
Image_1834.jpg,Density3Benign
Image_1835.jpg,Density3Benign
Image_1836.jpg,Density3Benign
Image_1837.jpg,Density3Benign
Image_1838.jpg,Density3Benign
Image_1839.jpg,Density3Benign
Image_1840.jpg,Density3Benign
Image_1841.jpg,Density3Benign
Image_1842.jpg,Density3Benign
Image_1843.jpg,Density3Benign
Image_1844.jpg,Density3Benign
Image_1845.jpg,Density3Benign
Image_1846.jpg,Density3Benign
Image_1847.jpg,Density3Benign
Image_1848.jpg,Density3Benign
Image_1849.jpg,Density3Benign
Image_1850.jpg,Density3Benign
Image_1851.jpg,Density3Benign
Image_1852.jpg,Density3Benign
Image_1853.jpg,Density3Benign
Image_1854.jpg,Density3Benign
Image_1855.jpg,Density3Benign
Image_1856.jpg,Density3Benign
Image_1857.jpg,Density3Benign
Image_1858.jpg,Density3Benign
Image_1859.jpg,Density3Benign
Image_1860.jpg,Density3Benign
Image_1861.jpg,Density3Benign
Image_1862.jpg,Density3Benign
Image_1863.jpg,Density3Benign
Image_1864.jpg,Density3Benign
Image_1865.jpg,Density3Benign
Image_1866.jpg,Density3Benign
Image_1867.jpg,Density3Benign
Image_1868.jpg,Density3Benign
Image_1869.jpg,Density3Benign
Image_1870.jpg,Density3Benign
Image_1871.jpg,Density3Benign
Image_1872.jpg,Density3Benign
Image_1873.jpg,Density3Benign
Image_1874.jpg,Density3Benign
Image_1875.jpg,Density3Benign
Image_1876.jpg,Density3Benign
Image_1877.jpg,Density3Benign
Image_1878.jpg,Density3Benign
Image_1879.jpg,Density3Benign
Image_1880.jpg,Density3Benign
Image_1881.jpg,Density3Benign
Image_1882.jpg,Density3Benign
Image_1883.jpg,Density3Benign
Image_1884.jpg,Density3Benign
Image_1885.jpg,Density3Benign
Image_1886.jpg,Density3Benign
Image_1887.jpg,Density3Benign
Image_1888.jpg,Density3Benign
Image_1889.jpg,Density3Benign
Image_1890.jpg,Density3Benign
Image_1891.jpg,Density3Benign
Image_1892.jpg,Density3Benign
Image_1893.jpg,Density3Benign
Image_1894.jpg,Density3Benign
Image_1895.jpg,Density3Benign
Image_1896.jpg,Density3Benign
Image_1897.jpg,Density3Benign
Image_1898.jpg,Density3Benign
Image_1899.jpg,Density3Benign
Image_1900.jpg,Density3Benign
Image_1901.jpg,Density3Benign
Image_1902.jpg,Density3Benign
Image_1903.jpg,Density3Benign
Image_1904.jpg,Density3Benign
Image_1905.jpg,Density3Benign
Image_1906.jpg,Density3Benign
Image_1907.jpg,Density3Benign
Image_1908.jpg,Density3Benign
